Date,Gender,Category,Product,Color,Gross Revenue,Sales Qty
2025-02-24,-,-,-,-,3005.079912,3
2025-02-24,-,-,-,-,1845.93888,2
2025-02-24,-,-,-,-,0.0,0
2025-02-24,MEN,SWIMWEAR,SWIM BRIEFS,BLACK,1075.687453478261,1
2025-02-24,-,-,-,-,48.86953652173913,1
2025-02-24,-,-,-,-,0.0,0
2025-02-24,-,-,-,-,1313.528712,2
2025-02-24,-,-,-,-,0.0,0
2025-02-24,MEN,UNDERWEAR,3 X BOXER TRUNKS,BLACK+STEEL BLUE+WHITE,1220.13697,1
2025-02-24,-,-,-,-,0.0,0
2025-02-24,WOMEN,TOPS,2 X WOMEN'S T-SHIRT MIDWEIGHT,WHITE+BLACK,1546.47498,1
2025-02-24,WOMEN,UNDERWEAR,3 X W-BOXER BRIEFS,BLACK,1077.82592,1
2025-02-24,-,-,-,-,0.0,0
2025-02-24,MEN,UNDERWEAR,12 X BOXER BRIEFS,BLACK,2977.07029,1
2025-02-24,MEN,UNDERWEAR,6 X BOXER BRIEFS,BLACK,1564.176035,1
2025-02-24,MEN,UNDERWEAR,3 X BOXER TRUNKS,WHITE,629.4854775,1
2025-02-24,WOMEN,SWIMWEAR,BIKINI BRIEFS,PANNA COTTA,344.2533770000001,1
2025-02-24,WOMEN,TOPS,W-LW T-SHIRT,PANNA COTTA,317.772348,1
2025-02-24,-,-,-,-,0.0,0
2025-02-24,-,-,-,-,0.0,0
2025-02-24,-,-,-,-,0.0,0
2025-02-24,-,-,-,-,0.0,0
2025-02-24,-,-,-,-,0.0,0
2025-02-24,MEN,SOCKS,5 X BAMBOO SOCKS,BLACK,997.41279,1
2025-02-24,MEN,SOCKS,3 X LOW CUT BAMBOO SOCKS,WHITE,408.0882700000001,1
2025-02-24,-,-,-,-,0.0,0
2025-02-24,ACCESSORIES,SWIMWEAR,BEACH TOWEL,NAVY/BLUE MIST,9800.0,7
2025-02-24,MEN,TOPS,MIDWEIGHT T-SHIRT LONG SLEEVE,BLACK,880.0,1
2025-02-24,MEN,UNDERWEAR,3 X BOXER SHORTS,BLACK,840.0,1
2025-02-24,MEN,POOLWEAR,POOL SHIRT,OLIVE COMMODE,780.0,1
2025-02-24,MEN,POOLWEAR,POOL SHORTS,OLIVE COMMODE,680.0,1
2025-02-24,-,-,-,-,612.0,1
2025-02-24,MEN,UNDERWEAR,3 X BOXER BRIEFS,BLACK,578.0,1
2025-02-24,-,-,-,-,480.0,2
2025-02-24,MEN,SWIMWEAR,SWIM SHORTS PARACHUTE NYLON,CINNAMON,467.2,1
2025-02-24,MEN,UNDERWEAR,BOXER BRIEFS,BLACK,237.6,1
2025-02-24,ACCESSORIES,SWIMWEAR,BEACH TOWEL,NAVY/BLUE MIST,0.0,0
2025-02-24,-,-,-,-,0.0,0
2025-02-24,-,-,-,-,0.0,0
2025-02-24,-,-,-,-,0.0,0
2025-02-24,-,-,-,-,0.0,0
2025-02-24,-,-,-,-,0.0,0
2025-02-24,-,-,-,-,0.0,0
2025-02-24,-,-,-,-,0.0,0
2025-02-24,MEN,TOPS,3 X MIDWEIGHT T-SHIRT,BLACK,2664.1025,1
2025-02-24,MEN,TOPS,MIDWEIGHT T-SHIRT,NAVY,2664.1025,3
2025-02-24,MEN,UNDERWEAR,6 X BOXER SHORTS,BLACK,2450.9743,1
2025-02-24,MEN,UNDERWEAR,3 X BOXER SHORTS,BLACK,2450.9743,2
2025-02-24,-,-,-,-,2024.7179,2
2025-02-24,-,-,-,-,2024.7179,2
2025-02-24,-,-,-,-,1947.4589275,2
2025-02-24,-,-,-,-,1721.010215,2
2025-02-24,MEN,SWIMWEAR,SWIM TRUNKS PANAMA WEAVE,MIDNIGHT BLUE,1332.05125,1
2025-02-24,UNISEX,SOCKS,6 X COTTON SOCKS,BLACK,1320.8620195,1
2025-02-24,MEN,UNDERWEAR,3 X BOXER SHORTS,WHITE,1225.48715,1
2025-02-24,-,-,-,-,1225.48715,1
2025-02-24,MEN,SOCKS,6 X COTTON RIB SOCKS,BLACK,1172.2051,1
2025-02-24,-,-,-,-,1172.2051,1
2025-02-24,MEN,TOPS,T-SHIRT HEAVYWEIGHT,BLACK,1150.89228,1
2025-02-24,MEN,TOPS,T-SHIRT HEAVYWEIGHT,WHITE,1150.89228,1
2025-02-24,MEN,TOPS,T-SHIRT HEAVYWEIGHT,WHITE,1150.89228,1
2025-02-24,MEN,POOLWEAR,POOL SHIRT,OLIVE COMMODE,1097.61023,1
2025-02-24,WOMEN,UNDERWEAR,3 X THONG,BLACK,1065.641,1
2025-02-24,WOMEN,UNDERWEAR,3 X THONG,WHITE,1065.641,1
2025-02-24,WOMEN,UNDERWEAR,SCOOP BRALETTE,BLACK,1065.641,1
2025-02-24,WOMEN,UNDERWEAR,SCOOP BRALETTE,WHITE,1065.641,1
2025-02-24,-,-,-,-,1065.641,1
2025-02-24,MEN,TOPS,MIDWEIGHT T-SHIRT,WHITE,1044.32818,1
2025-02-24,MEN,UNDERWEAR,3 X BOXER BRIEFS,BLACK,1012.35895,1
2025-02-24,-,-,-,-,1012.35895,1
2025-02-24,-,-,-,-,937.76408,1
2025-02-24,MEN,UNDERWEAR,3 X BOXER TRUNKS,BLACK,911.123055,1
2025-02-24,MEN,UNDERWEAR,3 X BOXER TRUNKS,STEEL BLUE,911.123055,1
2025-02-24,MEN,SWIMWEAR,SWIM BRIEFS BOX-CUT,JUNIPER,884.4820299999999,1
2025-02-24,MEN,UNDERWEAR,3 X BOXER BRIEFS,BLACK,860.5051074999999,1
2025-02-24,MEN,SWIMWEAR,SWIM SHORTS PARACHUTE NYLON,CINNAMON,741.9307093442623,1
2025-02-24,MEN,SWIMWEAR,SWIM BRIEFS,JUNIPER,717.9974606557377,1
2025-02-24,WOMEN,TOPS,W-LW LS T-SHIRT,PANNA COTTA,709.9049602941176,2
2025-02-24,MEN,SWIMWEAR,SWIM TRUNKS DRY NYLON POPLIN,SKY BLUE,703.32306,1
2025-02-24,MEN,SWIMWEAR,SWIM SHORTS PARACHUTE NYLON,GREY MARBLE,660.69742,1
2025-02-24,WOMEN,TOPS,W-LW T-SHIRT,PANNA COTTA,638.9144642647059,2
2025-02-24,MEN,TOPS,T-SHIRT HEAVYWEIGHT,GRAPE SODA,575.44614,1
2025-02-24,MEN,TOPS,T-SHIRT HEAVYWEIGHT,NAVY BLUE,575.44614,1
2025-02-24,MEN,UNDERWEAR,BOXER SHORTS,WHITE,566.2020253012048,1
2025-02-24,MEN,UNDERWEAR,BOXER BRIEFS,BLACK,478.1261546987952,1
2025-02-24,MEN,SOCKS,WOOL RIB SOCKS,BLACK,298.37948,1
2025-02-24,WOMEN,SOCKS,W-COTTON RIB SOCKS,WHITE,260.2984854411765,1
2025-02-24,MEN,UNDERWEAR,3 X BOXER TRUNKS,BLACK,0.0,0
2025-02-24,-,-,-,-,0.0,0
2025-02-24,-,-,-,-,0.0,0
2025-02-24,-,-,-,-,0.0,0
2025-02-24,-,-,-,-,0.0,0
2025-02-24,-,-,-,-,0.0,0
2025-02-24,-,-,-,-,0.0,0
2025-02-24,-,-,-,-,0.0,0
2025-02-24,-,-,-,-,0.0,0
2025-02-24,-,-,-,-,0.0,0
2025-02-24,-,-,-,-,0.0,0
2025-02-24,-,-,-,-,0.0,0
2025-02-24,-,-,-,-,0.0,0
2025-02-24,-,-,-,-,0.0,0
2025-02-24,-,-,-,-,0.0,0
2025-02-24,-,-,-,-,0.0,0
2025-02-24,-,-,-,-,0.0,0
2025-02-24,-,-,-,-,0.0,0
2025-02-24,-,-,-,-,0.0,0
2025-02-24,-,-,-,-,0.0,0
2025-02-24,-,-,-,-,0.0,0
2025-02-25,-,-,-,-,2986.994,3
2025-02-25,-,-,-,-,1066.067075,1
2025-02-25,WOMEN,UNDERWEAR,TRIANGLE BRALETTE,BLACK,891.64,1
2025-02-25,WOMEN,UNDERWEAR,TRIANGLE BRALETTE,WHITE,891.64,1
2025-02-25,-,-,-,-,0.0,0
2025-02-25,-,-,-,-,0.0,0
2025-02-25,MEN,TOPS,2 X HEAVY WEIGHT T-SHIRT,BLACK/WHITE,1504.6425,1
2025-02-25,MEN,TOPS,T-SHIRT HEAVYWEIGHT,NAVY BLUE,464.432985,1
2025-02-25,MEN,UNDERWEAR,BOXER BRIEFS,BLACK,292.569375,1
2025-02-25,-,-,-,-,1167.488896,2
2025-02-25,MEN,UNDERWEAR,3 X BOXER TRUNKS,BLACK+STEEL BLUE+WHITE,851.790368,1
2025-02-25,MEN,UNDERWEAR,JOCK STRAP,BLACK,375.264288,1
2025-02-25,-,-,-,-,0.0,0
2025-02-25,MEN,TOPS,MIDWEIGHT T-SHIRT LONG SLEEVE,BLACK,1077.10112,1
2025-02-25,MEN,TOPS,RIB TANK TOP,WHITE,936.556365,1
2025-02-25,MEN,TOPS,MIDWEIGHT T-SHIRT,BLACK,842.934165,1
2025-02-25,MEN,UNDERWEAR,3 X BOXER BRIEFS,BLACK,833.5719449999999,1
2025-02-25,-,-,-,-,833.5719449999999,1
2025-02-25,MEN,TOPS,MIDWEIGHT T-SHIRT,BLACK,702.500865,1
2025-02-25,MEN,TOPS,MIDWEIGHT T-SHIRT,WHITE,702.500865,1
2025-02-25,MEN,UNDERWEAR,LONG JOHNS,BLACK,355.875815,1
2025-02-25,MEN,UNDERWEAR,BOXER TRUNKS,BLACK,327.789155,1
2025-02-25,WOMEN,UNDERWEAR,STRING THONG,BLACK,327.789155,1
2025-02-25,UNISEX,SOCKS,COTTON SOCKS,BLACK,187.355855,1
2025-02-25,UNISEX,SOCKS,COTTON SOCKS,WHITE,187.355855,1
2025-02-25,-,-,-,-,0.0,0
2025-02-25,MEN,HOME,PYJAMA SHIRT,DUNE SHADOW CHECK,0.0,0
2025-02-25,MEN,HOME,PYJAMA TROUSERS,DUNE SHADOW CHECK,0.0,0
2025-02-25,MEN,TOPS,WOOL T-SHIRT LONG SLEEVE,BLACK,0.0,0
2025-02-25,MEN,SWIMWEAR,BERMUDA SWIM SHORTS DRY NYLON POPLIN,BLACK,0.0,0
2025-02-25,MEN,SWIMWEAR,SWIM TRUNKS,BLACK,0.0,0
2025-02-25,MEN,HOME,HOME SHORTS,BLACK,0.0,0
2025-02-25,MEN,TOPS,MIDWEIGHT T-SHIRT LONG SLEEVE,WHITE,1811.14375,2
2025-02-25,MEN,TOPS,WOOL T-SHIRT,BLACK,1624.387875,1
2025-02-25,-,-,-,-,1537.00701,3
2025-02-25,MEN,SOCKS,5 X BAMBOO SOCKS,BLACK,1021.670833333333,1
2025-02-25,MEN,SOCKS,5 X BAMBOO SOCKS,NAVY BLUE,1021.670833333333,1
2025-02-25,-,-,-,-,1019.443425,1
2025-02-25,MEN,UNDERWEAR,3 X Y-BRIEFS,STEEL BLUE,873.80865,1
2025-02-25,-,-,-,-,873.80865,1
2025-02-25,MEN,TOPS,MIDWEIGHT T-SHIRT LONG SLEEVE,NAVY,809.39326875,1
2025-02-25,MEN,TOPS,MIDWEIGHT T-SHIRT LONG SLEEVE,WHITE,809.39326875,1
2025-02-25,MEN,SWIMWEAR,SWIM TRUNKS DRY NYLON POPLIN,SKY BLUE,739.37655,1
2025-02-25,MEN,SOCKS,3 X WOOL RIB SOCKS,BLACK,603.7145833333334,1
2025-02-25,MEN,UNDERWEAR,3 X Y-BRIEFS,BLACK,590.3809725,1
2025-02-25,-,-,-,-,0.0,0
2025-02-25,-,-,-,-,0.0,0
2025-02-25,-,-,-,-,0.0,0
2025-02-25,-,-,-,-,0.0,0
2025-02-25,-,-,-,-,0.0,0
2025-02-25,-,-,-,-,0.0,0
2025-02-25,-,-,-,-,0.0,0
2025-02-25,-,-,-,-,0.0,0
2025-02-25,MEN,POOLWEAR,POOL SHIRT,OLIVE COMMODE,1203.19932,1
2025-02-25,MEN,POOLWEAR,POOL SHORTS,OLIVE COMMODE,1173.15348,1
2025-02-25,MEN,UNDERWEAR,3 X Y-BRIEFS,OLIVE GREEN,1032.48432,1
2025-02-25,-,-,-,-,890.44944,2
2025-02-25,MEN,SOCKS,COTTON RIB SOCKS,DARK NAVY,643.25412,3
2025-02-25,MEN,UNDERWEAR,BOXER BRIEFS,STEEL BLUE,446.59044,1
2025-02-25,MEN,SOCKS,COTTON RIB SOCKS,STEEL BLUE,258.12108,1
2025-02-25,-,-,-,-,0.0,0
2025-02-25,MEN,SWIMWEAR,SWIM TRUNKS DRY NYLON POPLIN,DARK OLIVE,5027.476123973799,4
2025-02-25,MEN,UNDERWEAR,3 X BOXER BRIEFS,WHITE,884.28397,1
2025-02-25,MEN,SWIMWEAR,SWIM BRIEFS,CINNAMON LEO,652.2390403275108,2
2025-02-25,MEN,UNDERWEAR,JOCK STRAP,GOLDEN CLAY,343.4244906986899,2
2025-02-25,MEN,TOPS,RIB TANK TOP,WHITE,0.0,0
2025-02-25,-,-,-,-,0.0,0
2025-02-25,-,-,-,-,0.0,0
2025-02-25,MEN,TOPS,RIB TANK TOP,WHITE,-208.42085,1
2025-02-25,MEN,UNDERWEAR,3 X BOXER BRIEFS,OLIVE GREEN,2520.0,4
2025-02-25,MEN,SWIMWEAR,SWIM SHORTS SATIN TWILL,JUNIPER,1400.0,2
2025-02-25,MEN,UNDERWEAR,6 X BOXER TRUNKS,BLACK,1224.0,1
2025-02-25,-,-,-,-,1156.0,2
2025-02-25,MEN,SWIMWEAR,SWIM BRIEFS BOX-CUT,BLACK,1000.0,1
2025-02-25,-,-,-,-,840.0,1
2025-02-25,-,-,-,-,767.2,1
2025-02-25,-,-,-,-,727.2,1
2025-02-25,-,-,-,-,719.2,3
2025-02-25,MEN,TOPS,RIB TANK TOP,OFF BLACK,680.0,1
2025-02-25,WOMEN,SWIMWEAR,RACER SWIMSUIT,POPPY RED,408.0,1
2025-02-25,MEN,UNDERWEAR,BOXER BRIEFS,STEEL BLUE,269.7733333333334,2
2025-02-25,MEN,UNDERWEAR,BOXER BRIEFS,OLIVE GREEN,269.7633333333334,2
2025-02-25,-,-,-,-,269.7633333333334,2
2025-02-25,MEN,UNDERWEAR,BOXER BRIEFS,BLACK,224.4,1
2025-02-25,-,-,-,-,34.0,1
2025-02-25,MEN,HOME,HOME TROUSERS,BLACK,0.0,0
2025-02-25,MEN,TOPS,MIDWEIGHT T-SHIRT GARMENT DYE,CINNAMON,0.0,0
2025-02-25,MEN,SWIMWEAR,SWIM SHORTS SATIN TWILL,JUNIPER,0.0,0
2025-02-25,MEN,SWIMWEAR,SWIM TRUNKS DRY NYLON POPLIN,SKY BLUE,0.0,0
2025-02-25,MEN,TOPS,HEAVY WEIGHT T-SHIRT COTTON,ESPRESSO BROWN,0.0,0
2025-02-25,MEN,TOPS,HEAVY WEIGHT T-SHIRT COTTON,NAVY,0.0,0
2025-02-25,MEN,TOPS,T-SHIRT HEAVYWEIGHT,NAVY BLUE,0.0,0
2025-02-25,-,-,-,-,0.0,0
2025-02-25,-,-,-,-,0.0,0
2025-02-25,-,-,-,-,0.0,0
2025-02-25,-,-,-,-,0.0,0
2025-02-25,-,-,-,-,0.0,0
2025-02-25,-,-,-,-,0.0,0
2025-02-25,-,-,-,-,0.0,0
2025-02-25,-,-,-,-,0.0,0
2025-02-25,-,-,-,-,0.0,0
2025-02-25,-,-,-,-,0.0,0
2025-02-25,-,-,-,-,0.0,0
2025-02-25,MEN,UNDERWEAR,12 X BOXER BRIEFS,BLACK,3875.497,1
2025-02-25,MEN,TOPS,MIDWEIGHT T-SHIRT,NAVY,2654.45,3
2025-02-25,MEN,SWIMWEAR,SWIM SHORTS DRY NYLON POPLIN,DARK OLIVE,2176.649,1
2025-02-25,-,-,-,-,2017.382,2
2025-02-25,-,-,-,-,2017.382,2
2025-02-25,MEN,UNDERWEAR,WOOL BOXER BRIEF,BLACK,1751.937,3
2025-02-25,WOMEN,UNDERWEAR,3 X W-BOXER BRIEFS,BLACK,1486.492,1
2025-02-25,UNISEX,SOCKS,6 X COTTON SOCKS,BLACK,1167.958,1
2025-02-25,MEN,SWIMWEAR,SWIM SHORTS SATIN TWILL,JUNIPER,1093.6334,1
2025-02-25,MEN,UNDERWEAR,3 X Y-BRIEFS,BLACK,1042.177907692308,1
2025-02-25,MEN,UNDERWEAR,3 X BOXER BRIEFS,BLACK+STEEL BLUE+WHITE,1008.691,1
2025-02-25,MEN,UNDERWEAR,3 X BOXER BRIEFS,OLIVE GREEN,1008.691,1
2025-02-25,MEN,UNDERWEAR,3 X BOXER TRUNKS,BLACK+STEEL BLUE+WHITE,1008.691,1
2025-02-25,-,-,-,-,1008.691,1
2025-02-25,-,-,-,-,934.3664,1
2025-02-25,MEN,TOPS,MIDWEIGHT T-SHIRT,OLIVE GREEN,884.46274,1
2025-02-25,MEN,UNDERWEAR,WOOL BOXER BRIEF,BLACK,849.4240000000001,1
2025-02-25,MEN,UNDERWEAR,3 X Y-BRIEFS,OLIVE GREEN,794.21144,1
2025-02-25,MEN,SOCKS,3 X WOOL RIB SOCKS,BLACK,743.2460000000001,1
2025-02-25,MEN,SWIMWEAR,SWIM BRIEFS,JUNIPER,730.7544705882353,1
2025-02-25,MEN,SWIMWEAR,SWIM SHORTS SATIN TWILL,LEOPARD GANACHE,700.7748,1
2025-02-25,-,-,-,-,668.9214,2
2025-02-25,MEN,TOPS,T-SHIRT HEAVYWEIGHT,GRAPE SODA,663.8919157894738,1
2025-02-25,MEN,SWIMWEAR,SWIM SHORTS PARACHUTE NYLON,BLACK,658.3036000000001,1
2025-02-25,MEN,SWIMWEAR,SWIM SHORTS PARACHUTE NYLON,CINNAMON,658.3036000000001,1
2025-02-25,MEN,UNDERWEAR,Y-BRIEFS,STEEL BLUE,654.01794,2
2025-02-25,MEN,UNDERWEAR,WOOL BOXER BRIEF,BLACK,586.63345,1
2025-02-25,MEN,UNDERWEAR,JOCK STRAP,BLACK,511.5281294117647,1
2025-02-25,MEN,SWIMWEAR,SWIM BRIEFS,CINNAMON LEO,504.0660842105264,1
2025-02-25,MEN,UNDERWEAR,JOCK STRAP,BLACK,497.4030923076924,1
2025-02-25,-,-,-,-,0.0,0
2025-02-25,-,-,-,-,0.0,0
2025-02-25,-,-,-,-,0.0,0
2025-02-25,-,-,-,-,0.0,0
2025-02-25,-,-,-,-,0.0,0
2025-02-25,-,-,-,-,0.0,0
2025-02-25,-,-,-,-,0.0,0
2025-02-25,-,-,-,-,0.0,0
2025-02-25,-,-,-,-,0.0,0
2025-02-25,-,-,-,-,0.0,0
2025-02-25,-,-,-,-,0.0,0
2025-02-26,MEN,UNDERWEAR,WOVEN BOXER SHORTS CLASSIC,SKY BLUE,1903.55869,3
2025-02-26,MEN,POOLWEAR,POOL SHIRT,OFF WHITE,910.04881,1
2025-02-26,MEN,POOLWEAR,POOL SHORTS,OFF WHITE,835.725,1
2025-02-26,MEN,POOLWEAR,POOL SHORTS,OLIVE COMMODE,835.725,1
2025-02-26,-,-,-,-,742.79238,2
2025-02-26,MEN,SOCKS,6 X COTTON RIB SOCKS,WHITE,1221.3333,1
2025-02-26,MEN,SOCKS,3 X LOW CUT BAMBOO SOCKS,BLACK,1110.303,2
2025-02-26,-,-,-,-,0.0,0
2025-02-26,-,-,-,-,2483.32898,6
2025-02-26,-,-,-,-,0.0,0
2025-02-26,-,-,-,-,815.1821325999998,1
2025-02-26,MEN,UNDERWEAR,JOCK STRAP,BLACK,347.1953077999999,1
2025-02-26,MEN,UNDERWEAR,JOCK STRAP,OLIVE GREEN,347.1953077999999,1
2025-02-26,-,-,-,-,0.0,0
2025-02-26,-,-,-,-,1574.72876,2
2025-02-26,MEN,UNDERWEAR,3 X Y-BRIEFS,BLACK,755.16111,1
2025-02-26,MEN,UNDERWEAR,Y-BRIEFS,OLIVE GREEN,294.73235,1
2025-02-26,MEN,TOPS,2 X RIB TANK TOP,OFF BLACK+WHITE,1671.45,1
2025-02-26,MEN,UNDERWEAR,3 X BOXER TRUNKS,WHITE,1652.84119,2
2025-02-26,MEN,SOCKS,6 X COTTON RIB SOCKS,BLACK,928.54619,1
2025-02-26,-,-,-,-,826.3648800000001,1
2025-02-26,-,-,-,-,0.0,0
2025-02-26,-,-,-,-,0.0,0
2025-02-26,-,-,-,-,0.0,0
2025-02-26,MEN,UNDERWEAR,3 X BOXER BRIEFS,BLACK,1837.7143,2
2025-02-26,-,-,-,-,1506.02928,3
2025-02-26,-,-,-,-,1198.996525,1
2025-02-26,MEN,UNDERWEAR,3 X BOXER BRIEFS,OLIVE GREEN,1019.707325,1
2025-02-26,MEN,UNDERWEAR,3 X Y-BRIEFS,BLACK,974.885025,1
2025-02-26,-,-,-,-,974.885025,1
2025-02-26,MEN,TOPS,MIDWEIGHT T-SHIRT LONG SLEEVE,BLACK,896.446,1
2025-02-26,MEN,TOPS,MIDWEIGHT T-SHIRT LONG SLEEVE,WHITE,896.446,1
2025-02-26,MEN,UNDERWEAR,3 X BOXER SHORTS,BLACK,878.5170800000001,1
2025-02-26,MEN,UNDERWEAR,3 X Y-BRIEFS,BLACK,874.03485,1
2025-02-26,MEN,UNDERWEAR,3 X Y-BRIEFS,OLIVE GREEN,874.03485,1
2025-02-26,MEN,UNDERWEAR,3 X BOXER BRIEFS,BLACK,735.08572,1
2025-02-26,MEN,UNDERWEAR,3 X BOXER BRIEFS,STEEL BLUE,735.08572,1
2025-02-26,MEN,TOPS,MIDWEIGHT T-SHIRT,NAVY,717.1568000000001,1
2025-02-26,MEN,TOPS,MIDWEIGHT T-SHIRT,OLIVE GREEN,717.1568000000001,1
2025-02-26,MEN,TOPS,MIDWEIGHT T-SHIRT,WHITE,717.1568000000001,1
2025-02-26,MEN,TOPS,T-SHIRT HEAVYWEIGHT,NAVY BLUE,605.10105,1
2025-02-26,-,-,-,-,459.428575,1
2025-02-26,-,-,-,-,0.0,0
2025-02-26,-,-,-,-,0.0,0
2025-02-26,-,-,-,-,0.0,0
2025-02-26,-,-,-,-,0.0,0
2025-02-26,-,-,-,-,0.0,0
2025-02-26,-,-,-,-,0.0,0
2025-02-26,-,-,-,-,0.0,0
2025-02-26,-,-,-,-,0.0,0
2025-02-26,-,-,-,-,0.0,0
2025-02-26,UNISEX,SOCKS,6 X COTTON SOCKS,WHITE,898.6829500000001,1
2025-02-26,MEN,SOCKS,BAMBOO SOCKS,WHITE,638.04818,3
2025-02-26,-,-,-,-,0.0,0
2025-02-26,WOMEN,SOCKS,6 X W-COTTON RIB SOCKS,BLACK,1282.04219,1
2025-02-26,WOMEN,SOCKS,6 X W-COTTON RIB SOCKS,WHITE,1282.04219,1
2025-02-26,WOMEN,TOPS,WOMEN'S T-SHIRT HEAVYWEIGHT,WHITE,1258.71811,1
2025-02-26,WOMEN,TOPS,WOMEN'S T-SHIRT MIDWEIGHT,WHITE,1142.16882,1
2025-02-26,-,-,-,-,0.0,0
2025-02-26,MEN,TOPS,2 X HEAVY WEIGHT T-SHIRT,BLACK,1657.63268,1
2025-02-26,-,-,-,-,1639.24673,2
2025-02-26,MEN,SWIMWEAR,SWIM SHORTS SATIN TWILL,JUNIPER,856.4509800000001,1
2025-02-26,MEN,TOPS,T-SHIRT HEAVYWEIGHT,WHITE,828.81634,1
2025-02-26,-,-,-,-,828.81634,1
2025-02-26,-,-,-,-,0.0,0
2025-02-26,-,-,-,-,0.0,0
2025-02-26,MEN,SWIMWEAR,SWIM BRIEFS,JUNIPER,0.0,0
2025-02-26,MEN,SWIMWEAR,SWIM TRUNKS PAPER NYLON,CANTALOPE,0.0,0
2025-02-26,MEN,SWIMWEAR,SWIM BRIEFS BOX-CUT,CINNAMON,0.0,0
2025-02-26,MEN,UNDERWEAR,12 X BOXER BRIEFS,BLACK,2142.0,1
2025-02-26,MEN,UNDERWEAR,6 X BOXER BRIEFS,BLACK,1224.0,1
2025-02-26,MEN,TOPS,T-SHIRT HEAVYWEIGHT,BLACK,800.0,1
2025-02-26,MEN,TOPS,MIDWEIGHT T-SHIRT,BLACK,767.2,1
2025-02-26,MEN,UNDERWEAR,3 X BOXER BRIEFS,BLACK,727.2,1
2025-02-26,-,-,-,-,727.2,1
2025-02-26,MEN,TOPS,MIDWEIGHT T-SHIRT,BLACK,720.0,1
2025-02-26,MEN,UNDERWEAR,3 X BOXER BRIEFS,BLACK,680.0,1
2025-02-26,-,-,-,-,659.2,1
2025-02-26,WOMEN,TOPS,LIGHTWEIGHT TUBE DRESS,BLACK,607.2,1
2025-02-26,MEN,SWIMWEAR,SWIM TRUNKS DRY NYLON POPLIN,SKY BLUE,515.2,1
2025-02-26,-,-,-,-,0.0,0
2025-02-26,-,-,-,-,0.0,0
2025-02-26,-,-,-,-,0.0,0
2025-02-26,-,-,-,-,0.0,0
2025-02-26,-,-,-,-,0.0,0
2025-02-26,-,-,-,-,0.0,0
2025-02-26,-,-,-,-,0.0,0
2025-02-26,-,-,-,-,0.0,0
2025-02-26,-,-,-,-,0.0,0
2025-02-26,MEN,UNDERWEAR,12 X BOXER BRIEFS,BLACK,3878.3221,1
2025-02-26,MEN,SOCKS,10 X BAMBOO SOCKS,WHITE,2151.4704,1
2025-02-26,MEN,UNDERWEAR,3 X BOXER BRIEFS,OLIVE GREEN,2018.8526,2
2025-02-26,-,-,-,-,1837.7591223,2
2025-02-26,MEN,MOBILITÉ,3 X PERFORMANCE Y-BRIEFS,BLACK,1632.7204764,1
2025-02-26,-,-,-,-,1360.600397,2
2025-02-26,-,-,-,-,1152.4460684,1
2025-02-26,-,-,-,-,858.0123550000002,1
2025-02-26,MEN,UNDERWEAR,3 X BOXER BRIEFS,BLACK,858.0123550000002,1
2025-02-26,MEN,UNDERWEAR,3 X Y-BRIEFS,STEEL BLUE,0.0,1
2025-02-26,-,-,-,-,0.0,0
2025-02-26,-,-,-,-,0.0,0
2025-02-26,-,-,-,-,0.0,0
2025-02-26,-,-,-,-,0.0,0
2025-02-26,-,-,-,-,0.0,0
2025-02-26,-,-,-,-,0.0,0
2025-02-26,-,-,-,-,0.0,0
2025-02-26,-,-,-,-,0.0,0
2025-02-27,MEN,UNDERWEAR,3 X BOXER TRUNKS,STEEL BLUE,827.66303,1
2025-02-27,-,-,-,-,827.66303,1
2025-02-27,-,-,-,-,809.92022,1
2025-02-27,-,-,-,-,0.0,0
2025-02-27,MEN,TOPS,T-SHIRT HEAVYWEIGHT,NAVY BLUE,3380.297760000001,6
2025-02-27,MEN,TOPS,T-SHIRT HEAVYWEIGHT,NAVY BLUE,3380.297760000001,6
2025-02-27,MEN,UNDERWEAR,6 X Y-BRIEFS,BLACK,1851.11544,1
2025-02-27,-,-,-,-,0.0,0
2025-02-27,-,-,-,-,0.0,0
2025-02-27,-,-,-,-,0.0,0
2025-02-27,-,-,-,-,2028.47724,2
2025-02-27,MEN,UNDERWEAR,WOVEN BOXER SHORTS CLASSIC,SKY BLUE,1008.3074,1
2025-02-27,-,-,-,-,0.0,0
2025-02-27,UNISEX,SOCKS,6 X COTTON SOCKS,BLACK,1875.49313,2
2025-02-27,-,-,-,-,1772.27238,2
2025-02-27,MEN,UNDERWEAR,6 X BOXER TRUNKS,BLACK,1669.16322,1
2025-02-27,-,-,-,-,1500.32755,2
2025-02-27,MEN,POOLWEAR,MESH SHIRT,BLACK,1012.79084,1
2025-02-27,MEN,UNDERWEAR,3 X BOXER BRIEFS,WHITE,834.58161,1
2025-02-27,MEN,UNDERWEAR,3 X BOXER TRUNKS,WHITE,834.58161,1
2025-02-27,MEN,SWIMWEAR,SWIM SHORTS SATIN TWILL,LEOPARD GANACHE,562.63678,1
2025-02-27,WOMEN,TOPS,WOMEN'S T-SHIRT HEAVYWEIGHT,PANNA COTTA,346.93331,1
2025-02-27,-,-,-,-,0.0,0
2025-02-27,-,-,-,-,0.0,0
2025-02-27,-,-,-,-,0.0,0
2025-02-27,-,-,-,-,0.0,0
2025-02-27,MEN,SWIMWEAR,SWIM TRUNKS PARACHUTE NYLON,JUNIPER,1084.4539394,1
2025-02-27,-,-,-,-,0.0,0
2025-02-27,MEN,HOME,HOME SHIRT,BLACK,1049.16918,1
2025-02-27,MEN,HOME,SHORT-SLEEVE HOME SHIRT,BLACK,978.0863500000002,1
2025-02-27,MEN,UNDERWEAR,3 X BOXER SHORTS,BLACK,933.67353,1
2025-02-27,MEN,HOME,HOME SHORTS,BLACK,826.8819,1
2025-02-27,-,-,-,-,1844.693866666667,2
2025-02-27,MEN,MOBILITÉ,3 X PERFORMANCE BOXER BRIEFS,BLACK,1293.535333333333,1
2025-02-27,MEN,UNDERWEAR,3 X BOXER BRIEFS,BLACK,1023.580133333334,1
2025-02-27,MEN,UNDERWEAR,3 X BOXER BRIEFS,BLACK,922.3469333333336,1
2025-02-27,-,-,-,-,922.3469333333336,1
2025-02-27,MEN,SWIMWEAR,SWIM SHORTS PARACHUTE NYLON,BLACK,538.2231800000002,1
2025-02-27,MEN,SWIMWEAR,SWIM SHORTS PARACHUTE NYLON,CINNAMON,538.2231800000002,1
2025-02-27,-,-,-,-,0.0,0
2025-02-27,-,-,-,-,0.0,0
2025-02-27,-,-,-,-,0.0,0
2025-02-27,-,-,-,-,0.0,0
2025-02-27,-,-,-,-,0.0,0
2025-02-27,MEN,TOPS,RIB TANK TOP,WHITE,-33.81177000000002,1
2025-02-27,-,-,-,-,786.4095268817205,2
2025-02-27,MEN,UNDERWEAR,BOXER BRIEFS,WHITE,474.5574731182796,1
2025-02-27,-,-,-,-,0.0,0
2025-02-27,MEN,SWIMWEAR,SWIM SHORTS SATIN TWILL,LEOPARD GANACHE,534.96246,1
2025-02-27,-,-,-,-,0.0,0
2025-02-27,MEN,TOPS,2 X HEAVY WEIGHT T-SHIRT,BLACK/WHITE,1440.0,1
2025-02-27,-,-,-,-,1296.0,2
2025-02-27,MEN,SWIMWEAR,SWIM TRUNKS PANAMA WEAVE,MIDNIGHT BLUE,827.2,1
2025-02-27,MEN,TOPS,T-SHIRT HEAVYWEIGHT,NAVY BLUE,800.0,2
2025-02-27,MEN,UNDERWEAR,3 X BOXER BRIEFS,BLACK,727.2,1
2025-02-27,MEN,UNDERWEAR,3 X BOXER TRUNKS,WHITE,727.2,1
2025-02-27,MEN,POOLWEAR,POOL SHORTS,OFF WHITE,727.2,1
2025-02-27,MEN,UNDERWEAR,3 X BOXER BRIEFS,BLACK,680.0,1
2025-02-27,-,-,-,-,680.0,1
2025-02-27,-,-,-,-,659.2,1
2025-02-27,MEN,TOPS,MIDWEIGHT T-SHIRT,STEEL BLUE,648.0,1
2025-02-27,MEN,UNDERWEAR,3 X Y-BRIEFS,BLACK,612.0,1
2025-02-27,MEN,SWIMWEAR,SWIM SHORTS PARACHUTE NYLON,CINNAMON,447.5333333333334,1
2025-02-27,MEN,UNDERWEAR,BOXER SHORTS,BLACK,335.2,1
2025-02-27,MEN,SWIMWEAR,SWIM BRIEFS BOX-CUT,CINNAMON,319.6666666666667,1
2025-02-27,MEN,UNDERWEAR,BOXER BRIEFS,OLIVE GREEN,287.6,1
2025-02-27,MEN,UNDERWEAR,BOXER BRIEFS,STEEL BLUE,287.6,1
2025-02-27,MEN,UNDERWEAR,3 X BOXER BRIEFS,BLACK,0.0,1
2025-02-27,MEN,UNDERWEAR,3 X BOXER BRIEFS,OLIVE GREEN,0.0,1
2025-02-27,-,-,-,-,0.0,0
2025-02-27,-,-,-,-,0.0,0
2025-02-27,-,-,-,-,0.0,0
2025-02-27,-,-,-,-,0.0,0
2025-02-27,-,-,-,-,0.0,0
2025-02-27,-,-,-,-,0.0,0
2025-02-27,-,-,-,-,0.0,0
2025-02-27,-,-,-,-,0.0,0
2025-02-27,-,-,-,-,0.0,0
2025-02-27,-,-,-,-,0.0,0
2025-02-27,-,-,-,-,0.0,0
2025-02-27,-,-,-,-,0.0,0
2025-02-27,MEN,TOPS,3 X MIDWEIGHT T-SHIRT,WHITE,2662.7375,1
2025-02-27,MEN,TOPS,2 X RIB TANK TOP,WHITE,2076.93525,1
2025-02-27,MEN,UNDERWEAR,3 X BOXER BRIEFS,BLACK+STEEL BLUE+WHITE,1720.128425,2
2025-02-27,-,-,-,-,1371.203303,1
2025-02-27,MEN,SWIMWEAR,SWIM BRIEFS,BLACK,1278.114,1
2025-02-27,MEN,SOCKS,6 X COTTON RIB SOCKS,BLACK,1171.6045,1
2025-02-27,MEN,SOCKS,6 X COTTON RIB SOCKS,WHITE,1171.6045,1
2025-02-27,-,-,-,-,1171.6045,1
2025-02-27,MEN,SWIMWEAR,SWIM SHORTS SATIN TWILL,JUNIPER,1097.04785,1
2025-02-27,MEN,UNDERWEAR,3 X BOXER BRIEFS,BLACK,860.0642125,1
2025-02-27,MEN,UNDERWEAR,WOOL BOXER BRIEF,BLACK,852.076,1
2025-02-27,MEN,SWIMWEAR,SWIM SHORTS PARACHUTE NYLON,CINNAMON,820.1231499999999,1
2025-02-27,MEN,HOME,PYJAMA SHIRT SHORT-SLEEVE,SKY BLUE,766.8684,1
2025-02-27,MEN,HOME,PYJAMA SHIRT SHORT-SLEEVE,WHITE,766.8684,1
2025-02-27,MEN,SWIMWEAR,SWIM BRIEFS BOX-CUT,JUNIPER,724.2646,1
2025-02-27,MEN,SWIMWEAR,SWIM TRUNKS PAPER NYLON,CANTALOPE,702.9627,1
2025-02-27,MEN,UNDERWEAR,WOOL BOXER BRIEF,BLACK,692.31175,1
2025-02-27,MEN,SWIMWEAR,SWIM SHORTS PARACHUTE NYLON,BLACK,660.3589,1
2025-02-27,MEN,SWIMWEAR,SWIM BRIEFS,JUNIPER,639.057,1
2025-02-27,MEN,TOPS,HEAVY WEIGHT T-SHIRT COTTON,NAVY,617.7551,1
2025-02-27,WOMEN,SWIMWEAR,RACER SWIMSUIT,POPPY RED,596.4532,1
2025-02-27,MEN,SWIMWEAR,SWIM SHORTS PARACHUTE NYLON,BLACK,561.305065,1
2025-02-27,WOMEN,SWIMWEAR,RACER BIKINI TOP,PANNA COTTA,436.68895,1
2025-02-27,MEN,UNDERWEAR,JOCK STRAP,BLACK,380.238915,1
2025-02-27,-,-,-,-,372.78325,1
2025-02-27,WOMEN,SWIMWEAR,BIKINI TOP (CROP TOP),BLACK,340.8304,1
2025-02-27,WOMEN,TOPS,W-LW LS T-SHIRT,PANNA COTTA,319.5285,1
2025-02-27,WOMEN,TOPS,W-LW T-SHIRT,PANNA COTTA,287.57565,1
2025-02-27,-,-,-,-,0.0,0
2025-02-27,-,-,-,-,0.0,0
2025-02-27,-,-,-,-,0.0,0
2025-02-27,-,-,-,-,0.0,0
2025-02-27,-,-,-,-,0.0,0
2025-02-27,-,-,-,-,0.0,0
2025-02-27,-,-,-,-,0.0,0
2025-02-27,-,-,-,-,0.0,0
2025-02-27,-,-,-,-,0.0,0
2025-02-27,-,-,-,-,0.0,0
2025-02-27,-,-,-,-,0.0,0
2025-02-27,-,-,-,-,0.0,0
2025-02-28,MEN,UNDERWEAR,6 X BOXER SHORTS,BLACK,134.256,1
2025-02-28,MEN,SWIMWEAR,SWIM TRUNKS PANAMA WEAVE,MIDNIGHT BLUE,1243.03614,1
2025-02-28,-,-,-,-,0.0,0
2025-02-28,-,-,-,-,1226.70219,1
2025-02-28,-,-,-,-,0.0,0
2025-02-28,MEN,SWIMWEAR,SWIM SHORTS SATIN TWILL,JUNIPER,859.9096800000001,1
2025-02-28,-,-,-,-,822.8774,1
2025-02-28,-,-,-,-,0.0,0
2025-02-28,-,-,-,-,551.9470707692308,2
2025-02-28,MEN,UNDERWEAR,JOCK STRAP,BLACK,344.9948892307692,1
2025-02-28,-,-,-,-,0.0,0
2025-02-28,MEN,UNDERWEAR,3 X BOXER BRIEFS,WHITE,1659.51604,2
2025-02-28,MEN,SOCKS,3 X WOOL RIB SOCKS,BLACK,1545.28656,3
2025-02-28,MEN,UNDERWEAR,BOXER TRUNKS,BLACK,1118.8,3
2025-02-28,-,-,-,-,895.0400000000001,1
2025-02-28,UNISEX,SOCKS,COTTON SOCKS,OLIVE GREEN,396.2789600000002,3
2025-02-28,-,-,-,-,0.0,0
2025-02-28,-,-,-,-,0.0,0
2025-02-28,-,-,-,-,0.0,0
2025-02-28,MEN,UNDERWEAR,BOXER SHORTS,BLACK,2144.384333333333,5
2025-02-28,MEN,UNDERWEAR,BOXER SHORTS,OLIVE GREEN,2144.384333333333,5
2025-02-28,MEN,UNDERWEAR,BOXER SHORTS,WHITE,2144.384333333333,5
2025-02-28,-,-,-,-,1491.733333333333,2
2025-02-28,MEN,SOCKS,5 X BAMBOO SOCKS,BLACK,1252.7719,1
2025-02-28,MEN,TOPS,T-SHIRT HEAVYWEIGHT,GOLDEN CLAY,0.0,0
2025-02-28,-,-,-,-,0.0,0
2025-02-28,-,-,-,-,0.0,0
2025-02-28,-,-,-,-,0.0,0
2025-02-28,-,-,-,-,0.0,0
2025-02-28,-,-,-,-,0.0,0
2025-02-28,-,-,-,-,0.0,0
2025-02-28,MEN,TOPS,RIB TANK TOP,WHITE,730.80016,1
2025-02-28,-,-,-,-,730.80016,1
2025-02-28,-,-,-,-,0.0,0
2025-02-28,MEN,UNDERWEAR,3 X BOXER SHORTS,OLIVE GREEN,1365.00104,1
2025-02-28,-,-,-,-,1365.00104,1
2025-02-28,-,-,-,-,0.0,0
2025-02-28,MEN,UNDERWEAR,3 X BOXER BRIEFS,OLIVE GREEN,1219.492,1
2025-02-28,-,-,-,-,0.0,0
2025-02-28,-,-,-,-,880.38372,1
2025-02-28,-,-,-,-,0.0,0
2025-02-28,MEN,SWIMWEAR,SWIM TRUNKS PARACHUTE NYLON,JUNIPER,989.35484,1
2025-02-28,MEN,SWIMWEAR,SWIM BRIEFS,CINNAMON LEO,416.08172,1
2025-02-28,-,-,-,-,0.0,0
2025-02-28,-,-,-,-,0.0,0
2025-02-28,MEN,SWIMWEAR,SWIM TRUNKS DRY NYLON POPLIN,DARK OLIVE,1560.0,1
2025-02-28,MEN,UNDERWEAR,3 X BOXER SHORTS SLIM,BLACK+WHITE+SKY BLUE,1520.0,1
2025-02-28,MEN,UNDERWEAR,3 X BOXER BRIEFS,OLIVE GREEN,1360.0,2
2025-02-28,UNISEX,SOCKS,6 X COTTON SOCKS,BLACK,807.2,1
2025-02-28,MEN,SWIMWEAR,SWIM TRUNKS PANAMA WEAVE,MIDNIGHT BLUE,780.0,1
2025-02-28,UNISEX,SOCKS,6 X COTTON SOCKS,BLACK,760.0,1
2025-02-28,UNISEX,SOCKS,6 X COTTON SOCKS,DARK NAVY,760.0,1
2025-02-28,UNISEX,SOCKS,COTTON SOCKS,OLIVE GREEN,760.0,6
2025-02-28,-,-,-,-,760.0,6
2025-02-28,MEN,UNDERWEAR,3 X BOXER BRIEFS,BLACK,727.2,1
2025-02-28,MEN,UNDERWEAR,3 X BOXER BRIEFS,BLACK,727.2,1
2025-02-28,-,-,-,-,720.0,1
2025-02-28,MEN,UNDERWEAR,3 X BOXER BRIEFS,OLIVE GREEN,680.0,1
2025-02-28,MEN,UNDERWEAR,3 X Y-BRIEFS,WHITE,659.2,1
2025-02-28,MEN,SWIMWEAR,SWIM SHORTS PARACHUTE NYLON,CINNAMON,467.2,1
2025-02-28,MEN,UNDERWEAR,3 X BOXER BRIEFS,BLACK,462.4,1
2025-02-28,WOMEN,SOCKS,OVER-KNEE WOOL RIB SOCKS,BLACK,320.0,1
2025-02-28,WOMEN,SOCKS,W-COTTON RIB SOCKS,BLACK,148.0,1
2025-02-28,WOMEN,SOCKS,W-COTTON RIB SOCKS,WHITE,148.0,1
2025-02-28,UNISEX,SOCKS,6 X COTTON SOCKS,BLACK,0.0,0
2025-02-28,MEN,UNDERWEAR,3 X BOXER SHORTS,BLACK,0.0,0
2025-02-28,MEN,POOLWEAR,POOL SHIRT,OFF WHITE,0.0,0
2025-02-28,MEN,HOME,SHORT-SLEEVE HOME SHIRT,BLACK,0.0,0
2025-02-28,MEN,HOME,PYJAMA SHIRT,SKY BLUE,0.0,0
2025-02-28,MEN,SWIMWEAR,SWIM TRUNKS PAPER NYLON,CANTALOPE,0.0,0
2025-02-28,MEN,TOPS,HEAVY WEIGHT T-SHIRT COTTON,ESPRESSO BROWN,0.0,0
2025-02-28,MEN,TOPS,HEAVY WEIGHT T-SHIRT LONG SLEEVE COTTON,SKY BLUE,0.0,0
2025-02-28,-,-,-,-,0.0,0
2025-02-28,-,-,-,-,0.0,0
2025-02-28,-,-,-,-,0.0,0
2025-02-28,-,-,-,-,0.0,0
2025-02-28,-,-,-,-,0.0,0
2025-02-28,-,-,-,-,0.0,0
2025-02-28,-,-,-,-,0.0,0
2025-02-28,-,-,-,-,0.0,0
2025-02-28,-,-,-,-,0.0,0
2025-02-28,-,-,-,-,0.0,0
2025-02-28,-,-,-,-,0.0,0
2025-02-28,WOMEN,UNDERWEAR,W-BOXER BRIEF,BLACK,-21.0,1
2025-02-28,WOMEN,SWIMWEAR,BIKINI TOP (CROP TOP),BLACK,-60.0,1
2025-02-28,-,-,-,-,-121.0,1
2025-02-28,MEN,UNDERWEAR,BOXER BRIEFS,BLACK,-132.0,2
2025-02-28,-,-,-,-,1006.92,1
2025-02-28,MEN,TOPS,MIDWEIGHT T-SHIRT,NAVY,839.1,1
2025-02-28,MEN,TOPS,MIDWEIGHT T-SHIRT,STEEL BLUE,839.1,1
2025-02-28,-,-,-,-,0.0,0
2025-02-28,-,-,-,-,3132.640000000001,2
2025-02-28,MEN,SWIMWEAR,SWIM SHORTS DRY NYLON POPLIN,WHITE,2202.99765,1
2025-02-28,-,-,-,-,2100.907515,2
2025-02-28,MEN,UNDERWEAR,6 X BOXER BRIEFS,BLACK,2041.8027,1
2025-02-28,MEN,UNDERWEAR,6 X BOXER BRIEFS,BLACK,2041.8027,1
2025-02-28,-,-,-,-,1891.35408,2
2025-02-28,MEN,UNDERWEAR,WOOL BOXER BRIEF,BLACK,1773.14445,3
2025-02-28,-,-,-,-,1719.4128,2
2025-02-28,-,-,-,-,1482.99354,2
2025-02-28,MEN,SOCKS,6 X COTTON RIB SOCKS,STEEL BLUE,1328.8911678,1
2025-02-28,MEN,SWIMWEAR,SWIM SHORTS SATIN TWILL,JUNIPER,1106.87199,1
2025-02-28,MEN,TOPS,MIDWEIGHT T-SHIRT LONG SLEEVE,BLACK,1063.30752,1
2025-02-28,-,-,-,-,1028.9610975,1
2025-02-28,MEN,UNDERWEAR,3 X BOXER BRIEFS,WHITE,1020.90135,1
2025-02-28,MEN,UNDERWEAR,BOXER BRIEFS + TRUNKS + Y-BRIEFS,BLACK,994.035525,1
2025-02-28,MEN,UNDERWEAR,BOXER BRIEFS + TRUNKS + Y-BRIEFS,WHITE,994.035525,1
2025-02-28,-,-,-,-,924.18438,2
2025-02-28,-,-,-,-,913.43805,2
2025-02-28,MEN,UNDERWEAR,Y-BRIEFS,STEEL BLUE,895.5275,2
2025-02-28,MEN,SWIMWEAR,SWIM SHORTS SATIN TWILL,LEOPARD GANACHE,870.45273,1
2025-02-28,MEN,UNDERWEAR,3 X BOXER TRUNKS,BLACK,867.7661475,1
2025-02-28,-,-,-,-,867.7661475,1
2025-02-28,MEN,SWIMWEAR,SWIM BRIEFS BOX-CUT,NAUTICAL BLUE,730.75044,1
2025-02-28,MEN,SWIMWEAR,SWIM TRUNKS PAPER NYLON,CANTALOPE,709.25778,1
2025-02-28,MEN,SWIMWEAR,SWIM SHORTS PARACHUTE NYLON,BLACK,666.27246,1
2025-02-28,MEN,SWIMWEAR,SWIM SHORTS PARACHUTE NYLON,GREY MARBLE,666.27246,1
2025-02-28,WOMEN,TOPS,W-LW LS T-SHIRT,PANNA COTTA,554.70104,2
2025-02-28,MEN,UNDERWEAR,BOXER BRIEFS,STEEL BLUE,462.09219,1
2025-02-28,-,-,-,-,449.196594,1
2025-02-28,-,-,-,-,447.76375,1
2025-02-28,MEN,SOCKS,COTTON RIB SOCKS,BLACK,260.061186,1
2025-02-28,WOMEN,TOPS,W-LW T-SHIRT,PANNA COTTA,249.60428,1
2025-02-28,MEN,SWIMWEAR,SWIM TRUNKS PAPER NYLON,CANTALOPE,0.0,1
2025-02-28,-,-,-,-,0.0,1
2025-02-28,-,-,-,-,0.0,0
2025-02-28,-,-,-,-,0.0,0
2025-02-28,-,-,-,-,0.0,0
2025-02-28,-,-,-,-,0.0,0
2025-02-28,-,-,-,-,0.0,0
2025-02-28,-,-,-,-,0.0,0
2025-02-28,-,-,-,-,0.0,0
2025-02-28,-,-,-,-,0.0,0
2025-02-28,-,-,-,-,0.0,0
2025-02-28,-,-,-,-,0.0,0
2025-02-28,-,-,-,-,0.0,0
2025-02-28,-,-,-,-,0.0,0
2025-02-28,-,-,-,-,0.0,0
2025-02-28,-,-,-,-,0.0,0
2025-02-28,-,-,-,-,0.0,0
2025-02-28,-,-,-,-,0.0,0
2025-02-28,-,-,-,-,0.0,0
2025-03-01,MEN,SWIMWEAR,SWIM SHORTS DRY NYLON POPLIN,DARK OLIVE,4250.381640000001,2
2025-03-01,MEN,SWIMWEAR,SWIM SHORTS,BLACK,2125.19082,1
2025-03-01,MEN,SWIMWEAR,SWIM SHORTS SATIN TWILL,JUNIPER,1062.59541,1
2025-03-01,MEN,UNDERWEAR,BOXER BRIEFS,BLACK,989.08252,2
2025-03-01,MEN,UNDERWEAR,3 X BOXER BRIEFS,STEEL BLUE,982.39953,1
2025-03-01,MEN,UNDERWEAR,3 X BOXER BRIEFS,WHITE,982.39953,1
2025-03-01,-,-,-,-,0.0,0
2025-03-01,-,-,-,-,0.0,0
2025-03-01,WOMEN,SWIMWEAR,TANGA BIKINI BRIEFS,BLACK,551.24302,1
2025-03-01,-,-,-,-,0.0,0
2025-03-01,MEN,TOPS,3 X MIDWEIGHT T-SHIRT,BLACK,2162.41664,1
2025-03-01,MEN,UNDERWEAR,6 X BOXER BRIEFS,BLACK,1673.50104,1
2025-03-01,MEN,UNDERWEAR,6 X Y-BRIEFS,BLACK,1541.93016,1
2025-03-01,UNISEX,SOCKS,6 X COTTON SOCKS,BLACK,940.12764,1
2025-03-01,-,-,-,-,902.5359599999998,1
2025-03-01,-,-,-,-,753.06428,1
2025-03-01,MEN,SOCKS,3 X WOOL RIB SOCKS,BLACK,611.08856,1
2025-03-01,MEN,TOPS,T-SHIRT HEAVYWEIGHT,NAVY BLUE,470.11976,1
2025-03-01,UNISEX,SOCKS,COTTON SOCKS,OLIVE GREEN,423.13016,3
2025-03-01,-,-,-,-,0.0,0
2025-03-01,-,-,-,-,0.0,0
2025-03-01,-,-,-,-,0.0,0
2025-03-01,UNISEX,SOCKS,6 X COTTON SOCKS,BLACK,1023.647768,1
2025-03-01,MEN,UNDERWEAR,3 X BOXER BRIEFS,BLACK,675.6465287,1
2025-03-01,WOMEN,UNDERWEAR,Y-BRIEFS,OLIVE GREEN,402.618788,1
2025-03-01,WOMEN,UNDERWEAR,Y-BRIEFS,WHITE,402.618788,1
2025-03-01,-,-,-,-,0.0,0
2025-03-01,-,-,-,-,0.0,0
2025-03-01,MEN,SWIMWEAR,SWIM SHORTS SATIN TWILL,LEOPARD GANACHE,599.3343102040816,1
2025-03-01,MEN,SWIMWEAR,SWIM BRIEFS,CINNAMON LEO,379.6156897959185,1
2025-03-01,-,-,-,-,0.0,0
2025-03-01,-,-,-,-,3047.283000000001,2
2025-03-01,MEN,TOPS,2 X HEAVY WEIGHT T-SHIRT,BLACK,1862.2285,1
2025-03-01,MEN,UNDERWEAR,3 X BOXER BRIEFS,STEEL BLUE,1850.942266666667,2
2025-03-01,-,-,-,-,1331.775533333333,2
2025-03-01,WOMEN,UNDERWEAR,3 X Y-BRIEFS,OLIVE GREEN,1128.623333333333,1
2025-03-01,MEN,TOPS,RIB TANK TOP,OFF BLACK,1015.761,1
2025-03-01,WOMEN,UNDERWEAR,3 X STRING THONG,BLACK,993.1885333333336,1
2025-03-01,MEN,UNDERWEAR,3 X BOXER TRUNKS,BLACK,925.4711333333336,1
2025-03-01,-,-,-,-,786.6504633333334,1
2025-03-01,MEN,SWIMWEAR,SWIM SHORTS PARACHUTE NYLON,CINNAMON,677.174,1
2025-03-01,MEN,SWIMWEAR,SWIM TRUNKS PAPER NYLON,CANTALOPE,643.3153,1
2025-03-01,-,-,-,-,440.1631,1
2025-03-01,MEN,SOCKS,COTTON RIB SOCKS,BLACK,182.2726683333333,1
2025-03-01,MEN,SOCKS,COTTON RIB SOCKS,STEEL BLUE,182.2726683333333,1
2025-03-01,UNISEX,SOCKS,COTTON SOCKS,DARK BROWN,182.2726683333333,1
2025-03-01,UNISEX,SOCKS,COTTON SOCKS,OLIVE GREEN,182.2726683333333,1
2025-03-01,-,-,-,-,0.0,0
2025-03-01,-,-,-,-,0.0,0
2025-03-01,-,-,-,-,0.0,0
2025-03-01,-,-,-,-,0.0,0
2025-03-01,-,-,-,-,0.0,0
2025-03-01,-,-,-,-,0.0,0
2025-03-01,-,-,-,-,0.0,0
2025-03-01,-,-,-,-,1387.312,4
2025-03-01,MEN,SOCKS,COTTON RIB SOCKS,DARK NAVY,447.52,3
2025-03-01,MEN,UNDERWEAR,3 X BOXER BRIEFS,BLACK,688.0620000000001,1
2025-03-01,MEN,SOCKS,COTTON RIB SOCKS,BLACK,154.61816,1
2025-03-01,MEN,SOCKS,COTTON RIB SOCKS,WHITE,154.61816,1
2025-03-01,-,-,-,-,154.61816,1
2025-03-01,-,-,-,-,0.0,0
2025-03-01,WOMEN,TOPS,W-RIB T-SHIRT,OFF BLACK,917.08036,1
2025-03-01,WOMEN,TOPS,W-RIB T-SHIRT,WHITE,917.08036,1
2025-03-01,WOMEN,UNDERWEAR,W-BOXER BRIEF,BLACK,457.7621054545455,1
2025-03-01,WOMEN,UNDERWEAR,W-BOXER BRIEF,WHITE,457.7621054545455,1
2025-03-01,UNISEX,SOCKS,COTTON SOCKS,BLACK,203.3876690909091,1
2025-03-01,MEN,UNDERWEAR,WOOL BOXER BRIEF,BLACK,1482.18624,3
2025-03-01,-,-,-,-,0.0,0
2025-03-01,MEN,SWIMWEAR,SWIM SHORTS PARACHUTE NYLON,GREY MARBLE,582.55916,1
2025-03-01,-,-,-,-,0.0,0
2025-03-01,MEN,UNDERWEAR,6 X BOXER BRIEFS,BLACK,1360.0,1
2025-03-01,-,-,-,-,1360.0,2
2025-03-01,-,-,-,-,1360.0,2
2025-03-01,WOMEN,UNDERWEAR,WOOL HIPSTER,BLACK,1324.0,3
2025-03-01,MEN,UNDERWEAR,6 X Y-BRIEFS,BLACK,1224.0,1
2025-03-01,MEN,SWIMWEAR,SWIM TRUNKS PARACHUTE NYLON,JUNIPER,827.2,1
2025-03-01,MEN,SOCKS,6 X COTTON RIB SOCKS,BLACK,760.0,1
2025-03-01,MEN,SOCKS,6 X COTTON RIB SOCKS,WHITE,760.0,1
2025-03-01,MEN,UNDERWEAR,3 X BOXER TRUNKS,BLACK+STEEL BLUE+WHITE,727.2,1
2025-03-01,MEN,TOPS,MIDWEIGHT T-SHIRT,WHITE,720.0,1
2025-03-01,WOMEN,UNDERWEAR,SCOOP BRALETTE,BLACK,720.0,1
2025-03-01,-,-,-,-,680.0,1
2025-03-01,-,-,-,-,575.2,2
2025-03-01,MEN,SOCKS,COTTON RIB SOCKS,DARK NAVY,368.0,3
2025-03-01,-,-,-,-,311.2,1
2025-03-01,MEN,SOCKS,COTTON RIB SOCKS,BLACK,296.0,2
2025-03-01,MEN,SOCKS,COTTON RIB SOCKS,STEEL BLUE,296.0,2
2025-03-01,MEN,UNDERWEAR,BOXER BRIEFS,BLACK,264.0,1
2025-03-01,UNISEX,SOCKS,COTTON SOCKS,BLACK,148.0,1
2025-03-01,-,-,-,-,0.0,0
2025-03-01,-,-,-,-,0.0,0
2025-03-01,-,-,-,-,0.0,0
2025-03-01,-,-,-,-,0.0,0
2025-03-01,-,-,-,-,0.0,0
2025-03-01,-,-,-,-,0.0,0
2025-03-01,-,-,-,-,0.0,0
2025-03-01,-,-,-,-,0.0,0
2025-03-01,-,-,-,-,0.0,0
2025-03-01,-,-,-,-,0.0,0
2025-03-01,-,-,-,-,3481.81092,3
2025-03-01,MEN,UNDERWEAR,WOOL BOXER BRIEF,BLACK,3191.66001,6
2025-03-01,MEN,UNDERWEAR,3 X BOXER SHORTS,BLACK,2100.907515,2
2025-03-01,-,-,-,-,2041.8027,2
2025-03-01,-,-,-,-,1790.338578,2
2025-03-01,-,-,-,-,1790.338578,2
2025-03-01,MEN,UNDERWEAR,3 X BOXER BRIEFS,BLACK,1735.532295,2
2025-03-01,MEN,SWIMWEAR,SWIM BRIEFS BOX-CUT,BLACK,1611.9495,1
2025-03-01,WOMEN,UNDERWEAR,3 X W-BOXER BRIEFS,BLACK,1504.4862,1
2025-03-01,WOMEN,UNDERWEAR,3 X W-BOXER BRIEFS,BLACK,1343.29125,1
2025-03-01,MEN,UNDERWEAR,3 X BOXER SHORTS,OLIVE GREEN,1235.82795,1
2025-03-01,-,-,-,-,1235.82795,1
2025-03-01,-,-,-,-,1235.82795,1
2025-03-01,-,-,-,-,1211.6487075,1
2025-03-01,MEN,UNDERWEAR,3 X BOXER BRIEFS,BLACK,1182.0963,1
2025-03-01,MEN,TOPS,MIDWEIGHT T-SHIRT LONG SLEEVE,BLACK,1144.484145,1
2025-03-01,MEN,TOPS,MIDWEIGHT T-SHIRT LONG SLEEVE,WHITE,1144.484145,1
2025-03-01,MEN,SWIMWEAR,SWIM SHORTS SATIN TWILL,JUNIPER,1106.87199,1
2025-03-01,MEN,UNDERWEAR,3 X Y-BRIEFS,WHITE,1074.633,1
2025-03-01,WOMEN,TOPS,WOMEN'S RIB TANK TOP,WHITE,1053.14034,1
2025-03-01,-,-,-,-,1020.90135,1
2025-03-01,MEN,UNDERWEAR,3 X BOXER TRUNKS,BLACK,1020.90135,1
2025-03-01,-,-,-,-,1020.90135,1
2025-03-01,MEN,TOPS,MIDWEIGHT T-SHIRT LONG SLEEVE,NAVY,972.8652549,1
2025-03-01,MEN,TOPS,MIDWEIGHT T-SHIRT LONG SLEEVE,NAVY,972.8652549,1
2025-03-01,MEN,TOPS,MIDWEIGHT T-SHIRT LONG SLEEVE,BLACK,972.7577916,1
2025-03-01,MEN,TOPS,MIDWEIGHT T-SHIRT LONG SLEEVE,BLACK,972.7577916,1
2025-03-01,MEN,TOPS,MIDWEIGHT T-SHIRT,STEEL BLUE,753.6401229,1
2025-03-01,MEN,TOPS,MIDWEIGHT T-SHIRT,STEEL BLUE,753.6401229,1
2025-03-01,MEN,TOPS,MIDWEIGHT T-SHIRT,WHITE,753.5326596000001,1
2025-03-01,MEN,TOPS,MIDWEIGHT T-SHIRT,WHITE,753.5326596000001,1
2025-03-01,MEN,SWIMWEAR,SWIM SHORTS PARACHUTE NYLON,GREY MARBLE,666.27246,1
2025-03-01,UNISEX,SOCKS,COTTON SOCKS,BLACK,268.65825,1
2025-03-01,-,-,-,-,0.0,0
2025-03-01,MEN,TOPS,MIDWEIGHT T-SHIRT LONG SLEEVE,NAVY,0.0,0
2025-03-01,MEN,TOPS,MIDWEIGHT T-SHIRT LONG SLEEVE,BLACK,0.0,0
2025-03-01,MEN,TOPS,MIDWEIGHT T-SHIRT,STEEL BLUE,0.0,0
2025-03-01,MEN,TOPS,MIDWEIGHT T-SHIRT,WHITE,0.0,0
2025-03-01,-,-,-,-,0.0,0
2025-03-01,-,-,-,-,0.0,0
2025-03-01,-,-,-,-,0.0,0
2025-03-01,-,-,-,-,0.0,0
2025-03-01,-,-,-,-,0.0,0
2025-03-01,-,-,-,-,0.0,0
2025-03-01,-,-,-,-,0.0,0
2025-03-01,-,-,-,-,0.0,0
2025-03-01,-,-,-,-,0.0,0
2025-03-01,-,-,-,-,0.0,0
2025-03-01,-,-,-,-,0.0,0
2025-03-01,-,-,-,-,0.0,0
2025-03-01,-,-,-,-,0.0,0
2025-03-01,-,-,-,-,0.0,0
2025-03-01,-,-,-,-,0.0,0
2025-03-01,-,-,-,-,0.0,0
2025-03-01,-,-,-,-,0.0,0
2025-03-02,-,-,-,-,1678.2,2
2025-03-02,MEN,TOPS,RIB TANK TOP,WHITE,2413.55052,2
2025-03-02,-,-,-,-,1281.26756,1
2025-03-02,UNISEX,SOCKS,6 X COTTON SOCKS,DARK BROWN,1229.12295,1
2025-03-02,-,-,-,-,1065.23989,1
2025-03-02,MEN,SWIMWEAR,SWIM SHORTS PARACHUTE NYLON,CINNAMON,685.32916,1
2025-03-02,MEN,SWIMWEAR,SWIM SHORTS PARACHUTE NYLON,GREY MARBLE,685.32916,1
2025-03-02,-,-,-,-,52.14461,1
2025-03-02,-,-,-,-,0.0,0
2025-03-02,-,-,-,-,0.0,0
2025-03-02,-,-,-,-,0.0,0
2025-03-02,-,-,-,-,1226.70219,1
2025-03-02,MEN,UNDERWEAR,3 X BOXER BRIEFS,BLACK,1131.42435,1
2025-03-02,MEN,UNDERWEAR,3 X BOXER BRIEFS,WHITE,1131.42435,1
2025-03-02,-,-,-,-,0.0,0
2025-03-02,-,-,-,-,0.0,0
2025-03-02,MEN,TOPS,2 X RIB TANK TOP,BLACK,3384.59376,2
2025-03-02,MEN,TOPS,2 X HEAVY WEIGHT T-SHIRT,WHITE,1692.29688,1
2025-03-02,-,-,-,-,1673.50104,2
2025-03-02,MEN,SOCKS,6 X COTTON RIB SOCKS,BLACK,940.12764,1
2025-03-02,MEN,UNDERWEAR,BOXER BRIEFS,BLACK,658.07816,2
2025-03-02,MEN,UNDERWEAR,BOXER TRUNKS,BLACK,658.07816,2
2025-03-02,MEN,SOCKS,3 X WOOL RIB SOCKS,BLACK,611.08856,1
2025-03-02,-,-,-,-,0.0,0
2025-03-02,-,-,-,-,0.0,0
2025-03-02,MEN,HOME,HOME SHORTS,BLACK,859.9096800000001,1
2025-03-02,MEN,SWIMWEAR,SWIM SHORTS PARACHUTE NYLON,BLACK,517.7806400000001,1
2025-03-02,MEN,SOCKS,COTTON RIB SOCKS,DARK NAVY,462.2881600000001,3
2025-03-02,MEN,TOPS,T-SHIRT HEAVYWEIGHT,GRAPE SODA,462.28816,1
2025-03-02,MEN,TOPS,T-SHIRT HEAVYWEIGHT,NAVY BLUE,462.28816,1
2025-03-02,-,-,-,-,0.0,0
2025-03-02,-,-,-,-,978.95,1
2025-03-02,MEN,UNDERWEAR,3 X Y-BRIEFS,BLACK,715.0250800000001,1
2025-03-02,-,-,-,-,0.0,0
2025-03-02,-,-,-,-,0.0,0
2025-03-02,-,-,-,-,2144.366666666667,1
2025-03-02,MEN,UNDERWEAR,6 X BOXER BRIEFS,BLACK,1573.300926666667,1
2025-03-02,MEN,POOLWEAR,MESH SHIRT,BLACK,1207.626966666667,1
2025-03-02,-,-,-,-,1162.482033333333,6
2025-03-02,MEN,SOCKS,5 X BAMBOO SOCKS,BLACK,1151.1958,1
2025-03-02,MEN,UNDERWEAR,3 X BOXER BRIEFS,BLACK,1027.047233333333,1
2025-03-02,MEN,HOME,SHORT-SLEEVE HOME SHIRT,BLACK,988.1097283333334,1
2025-03-02,MEN,TOPS,T-SHIRT HEAVYWEIGHT,BLACK,932.3333333333336,1
2025-03-02,-,-,-,-,932.3333333333336,1
2025-03-02,MEN,HOME,HOME SHORTS,BLACK,815.4303583333334,1
2025-03-02,MEN,UNDERWEAR,3 X BOXER SHORTS,BLACK,748.27727,1
2025-03-02,MEN,TOPS,T-SHIRT HEAVYWEIGHT,NAVY BLUE,466.1666666666667,1
2025-03-02,-,-,-,-,462.7355666666667,1
2025-03-02,WOMEN,TOPS,W-LW LS T-SHIRT,PANNA COTTA,355.51635,1
2025-03-02,WOMEN,TOPS,WOMEN'S T-SHIRT HEAVYWEIGHT,PANNA COTTA,355.51635,1
2025-03-02,-,-,-,-,0.0,0
2025-03-02,-,-,-,-,0.0,0
2025-03-02,-,-,-,-,0.0,0
2025-03-02,-,-,-,-,0.0,0
2025-03-02,-,-,-,-,0.0,0
2025-03-02,-,-,-,-,0.0,0
2025-03-02,-,-,-,-,0.0,0
2025-03-02,-,-,-,-,0.0,0
2025-03-02,-,-,-,-,0.0,0
2025-03-02,-,-,-,-,0.0,0
2025-03-02,MEN,SOCKS,BAMBOO SOCKS,BLACK,651.1416,3
2025-03-02,MEN,UNDERWEAR,BOXER SHORTS,OLIVE GREEN,366.85452,1
2025-03-02,-,-,-,-,366.85452,1
2025-03-02,-,-,-,-,0.0,0
2025-03-02,-,-,-,-,822.8774,1
2025-03-02,MEN,UNDERWEAR,WOVEN BOXER SHORTS CLASSIC,BLACK,785.957,1
2025-03-02,MEN,UNDERWEAR,3 X BOXER TRUNKS,OLIVE GREEN,658.3019200000001,1
2025-03-02,MEN,UNDERWEAR,3 X BOXER TRUNKS,STEEL BLUE,658.3019200000001,1
2025-03-02,-,-,-,-,0.0,0
2025-03-02,-,-,-,-,1951.229952,2
2025-03-02,-,-,-,-,0.0,0
2025-03-02,-,-,-,-,3080.0,4
2025-03-02,-,-,-,-,1360.0,2
2025-03-02,MEN,UNDERWEAR,WOOL BOXER BRIEF,BLACK,1324.0,3
2025-03-02,MEN,UNDERWEAR,3 X BOXER BRIEFS,BLACK,727.2,1
2025-03-02,MEN,TOPS,T-SHIRT HEAVYWEIGHT,NAVY BLUE,447.2,1
2025-03-02,-,-,-,-,0.0,0
2025-03-02,-,-,-,-,0.0,0
2025-03-02,-,-,-,-,0.0,0
2025-03-02,-,-,-,-,0.0,0
2025-03-02,-,-,-,-,0.0,0
2025-03-02,-,-,-,-,0.0,0
2025-03-02,MEN,TOPS,3 X MIDWEIGHT T-SHIRT,BLACK,5373.165,2
2025-03-02,MEN,TOPS,MIDWEIGHT T-SHIRT,NAVY,5373.165,6
2025-03-02,-,-,-,-,2536.13388,2
2025-03-02,-,-,-,-,2471.6559,2
2025-03-02,MEN,TOPS,MIDWEIGHT T-SHIRT LONG SLEEVE,BLACK,2288.96829,2
2025-03-02,MEN,TOPS,MIDWEIGHT T-SHIRT,WHITE,2106.28068,2
2025-03-02,MEN,TOPS,2 X RIB TANK TOP,BLACK,2095.53435,1
2025-03-02,MEN,TOPS,2 X RIB TANK TOP,WHITE,2095.53435,1
2025-03-02,MEN,TOPS,WOOL T-SHIRT LONG SLEEVE,BLACK,2095.53435,1
2025-03-02,MEN,UNDERWEAR,3 X BOXER BRIEFS,OLIVE GREEN,2041.8027,2
2025-03-02,-,-,-,-,1973.026188,2
2025-03-02,MEN,UNDERWEAR,WOOL BOXER BRIEF,BLACK,1773.14445,3
2025-03-02,-,-,-,-,1719.4128,2
2025-03-02,MEN,HOME,SHORT-SLEEVE HOME SHIRT,BLACK,1504.4862,1
2025-03-02,MEN,SOCKS,5 X BAMBOO SOCKS,BLACK,1444.306752,1
2025-03-02,MEN,TOPS,T-SHIRT HEAVYWEIGHT,NAVY BLUE,1160.60364,2
2025-03-02,MEN,HOME,HOME SHORTS,BLACK,1063.88667,1
2025-03-02,MEN,TOPS,MIDWEIGHT T-SHIRT,BLACK,1053.14034,1
2025-03-02,MEN,TOPS,MIDWEIGHT T-SHIRT,BLACK,1053.14034,1
2025-03-02,MEN,TOPS,MIDWEIGHT T-SHIRT,OLIVE GREEN,1053.14034,1
2025-03-02,MEN,UNDERWEAR,3 X BOXER BRIEFS,BLACK,1020.90135,1
2025-03-02,MEN,UNDERWEAR,3 X BOXER BRIEFS,BLACK,1020.90135,1
2025-03-02,MEN,UNDERWEAR,3 X BOXER BRIEFS,WHITE,1020.90135,1
2025-03-02,-,-,-,-,977.91603,2
2025-03-02,MEN,UNDERWEAR,3 X BOXER TRUNKS,STEEL BLUE,918.811215,1
2025-03-02,-,-,-,-,918.811215,1
2025-03-02,MEN,UNDERWEAR,3 X BOXER TRUNKS,BLACK,867.7661475,1
2025-03-02,-,-,-,-,867.7661475,1
2025-03-02,MEN,UNDERWEAR,WOOL BOXER BRIEF,BLACK,859.7064,1
2025-03-02,MEN,SWIMWEAR,SWIM SHORTS PARACHUTE NYLON,CINNAMON,827.46741,1
2025-03-02,MEN,SWIMWEAR,SWIM SHORTS PARACHUTE NYLON,CINNAMON,810.9180618,1
2025-03-02,MEN,SWIMWEAR,SWIM BRIEFS,JUNIPER,644.7798,1
2025-03-02,MEN,TOPS,HEAVY WEIGHT T-SHIRT COTTON,ESPRESSO BROWN,623.28714,1
2025-03-02,MEN,TOPS,HEAVY WEIGHT T-SHIRT COTTON,NAVY,623.28714,1
2025-03-02,MEN,TOPS,T-SHIRT HEAVYWEIGHT,NAVY BLUE,580.30182,1
2025-03-02,MEN,UNDERWEAR,BOXER BRIEFS,OLIVE GREEN,569.55549,1
2025-03-02,MEN,SWIMWEAR,SWIM BRIEFS BOX-CUT,CINNAMON,440.59953,1
2025-03-02,-,-,-,-,60.179448,1
2025-03-02,-,-,-,-,0.0,0
2025-03-02,-,-,-,-,0.0,0
2025-03-02,-,-,-,-,0.0,0
2025-03-02,-,-,-,-,0.0,0
2025-03-02,-,-,-,-,0.0,0
2025-03-02,-,-,-,-,0.0,0
2025-03-02,-,-,-,-,0.0,0
2025-03-02,-,-,-,-,0.0,0
2025-03-02,-,-,-,-,0.0,0
2025-03-02,-,-,-,-,0.0,0
2025-03-02,-,-,-,-,0.0,0
2025-03-02,-,-,-,-,0.0,0
2025-03-02,-,-,-,-,0.0,0
2025-03-02,-,-,-,-,0.0,0
2025-03-02,-,-,-,-,0.0,0
2025-03-02,-,-,-,-,0.0,0
2025-03-02,-,-,-,-,0.0,0
2025-03-02,-,-,-,-,0.0,0
2025-03-02,-,-,-,-,0.0,0
2025-03-02,-,-,-,-,0.0,0
2025-03-02,-,-,-,-,0.0,0
2025-03-02,-,-,-,-,0.0,0
2025-03-02,-,-,-,-,0.0,0
